<?xml version="1.0" encoding="utf-8"?>
<install type="module" version="1.5">
	<name>Body Class</name>
	<author>simplethemes.com</author>
	<creationDate>Nov 2009</creationDate>
	<copyright>2009 - 2010 SimpleThemes LLC</copyright>
	<license>http://creativecommons.org/licenses/by-nc-sa/2.0/</license>
	<authorEmail>support@simplethemes.com</authorEmail>
	<authorUrl>www.simplethemes.com</authorUrl>
	<version>1.0</version>
	<description>Applies a selection of classes to the &lt;body&gt; tag</description>
	<files>
	<filename module="mod_bodyclass">mod_bodyclass.php</filename>
	</files>
	<params>
		<param name="displaynav" type="radio" default="shownav" label="Display Navigation Bar">
			<option value="shownav">Show Navigation</option>
			<option value="hidenav">Hide Navigation</option>
		</param>
		<param name="displayheader" type="radio" default="showheader" label="Display Header">
			<option value="showheader">Show The Header</option>
			<option value="hideheader">Hide The Header</option>
		</param>
		<param name="displayfooter" type="radio" default="showfooter" label="Display Footer">
			<option value="showfooter">Show The Footer</option>
			<option value="hidefooter">Hide The Footer</option>
		</param>
		<param name="moduleclass_sfx" type="text" default="landing" label="Custom Class Suffix" description="Custom Class Suffix (for advanced use only)" />
	</params>
</install>